{
  "global_step": 51,
  "alpha_values": [
    0.5002661943435669,
    0.5001813769340515,
    0.5006111860275269,
    0.5000360012054443,
    0.5004945993423462,
    0.5003955364227295,
    0.500396192073822,
    0.5006420016288757,
    0.500536322593689,
    0.5006186962127686,
    0.49977004528045654,
    0.5005815029144287,
    0.49964892864227295,
    0.5003570318222046,
    0.5004996657371521,
    0.4997097849845886,
    0.5006552934646606,
    0.5006510019302368,
    0.5006186962127686,
    0.4996422827243805,
    0.500342845916748,
    0.5002473592758179,
    0.5006258487701416,
    0.4997682571411133,
    0.5005019307136536,
    0.5006052255630493,
    0.5005090832710266,
    0.4999868869781494,
    0.49969053268432617,
    0.5005850195884705,
    0.5000098943710327,
    0.500064492225647
  ],
  "trainable_params": 17040416,
  "total_params": 3769111584,
  "trainable_pct": 0.4521069652683437
}