{
  "global_step": 51,
  "alpha_values": [
    0.5005287528038025,
    0.5006145238876343,
    0.5005576014518738,
    0.5005190372467041,
    0.5005953907966614,
    0.4998130798339844,
    0.49987170100212097,
    0.49957579374313354,
    0.4996108412742615,
    0.49998223781585693,
    0.5001066327095032,
    0.5006005764007568,
    0.5005988478660583,
    0.5006093382835388,
    0.5006052851676941,
    0.500493049621582,
    0.5006058216094971,
    0.5002848505973816,
    0.49985364079475403,
    0.5002771615982056,
    0.5003916621208191,
    0.5006086826324463,
    0.4999547004699707,
    0.49982666969299316,
    0.5001465678215027,
    0.4998624622821808,
    0.5005975365638733,
    0.500476062297821,
    0.49976909160614014,
    0.4997462034225464,
    0.5006253123283386,
    0.5001166462898254
  ],
  "trainable_params": 17007520,
  "total_params": 3769078688,
  "trainable_pct": 0.4512381249600486
}