{
  "global_step": 51,
  "alpha_values": [
    4.5497505198e-05,
    4.549793811747804e-05,
    4.5506880269385874e-05,
    4.550644371192902e-05,
    4.549490404315293e-05,
    4.55025838164147e-05,
    4.545010961010121e-05,
    4.549407822196372e-05,
    4.546090349322185e-05,
    4.547720163827762e-05,
    4.547950447886251e-05,
    4.54576475021895e-05,
    4.550471203401685e-05,
    4.547828939394094e-05,
    4.5490829506888986e-05,
    4.549793811747804e-05,
    4.547737989923917e-05,
    4.548878860077821e-05,
    4.545336196315475e-05,
    4.549126242636703e-05,
    4.549477307591587e-05,
    4.545882256934419e-05,
    4.544131297734566e-05,
    4.545904084807262e-05,
    4.549208460957743e-05,
    4.5505104935728014e-05,
    4.54781147709582e-05,
    4.5436154323397204e-05,
    4.549663935904391e-05,
    4.548713695839979e-05,
    4.540154986898415e-05,
    4.550666199065745e-05
  ],
  "trainable_params": 17040416,
  "total_params": 3769111584,
  "trainable_pct": 0.4521069652683437
}